order_date,sales,profit
2014-01-03,16.448,5.5512
2014-01-04,288.06,-65.9901
2014-01-05,19.536,4.884
2014-01-06,4407.1,1358.0524
2014-01-07,87.15799999999999,-71.9621
2014-01-09,40.544,10.918
2014-01-10,54.83,22.6537
2014-01-11,9.94,3.0814
2014-01-13,3553.795,673.6386
2014-01-14,61.96,-53.2856
2014-01-15,149.95,65.978
2014-01-16,299.964,-5.933499999999999
2014-01-18,64.864,6.4864
2014-01-19,378.594,-287.9976
2014-01-20,2673.87,584.3695
2014-01-21,25.248,4.1028
2014-01-23,46.019999999999996,19.2384
2014-01-26,1097.25,150.327
2014-01-27,426.67,9.6827
2014-01-28,3.928,1.3257
2014-01-30,240.5,11.6502
2014-01-31,290.666,3.4196
2014-02-01,468.9,206.316
2014-02-02,211.64600000000002,7.152499999999999
2014-02-03,97.11200000000001,31.5614
2014-02-04,134.38400000000001,51.1432
2014-02-06,330.512,76.4833
2014-02-07,180.32,59.3488
2014-02-08,14.56,5.5328
2014-02-11,2043.4,293.5285
2014-02-12,129.568,-24.294
2014-02-14,576.726,120.1764
2014-02-15,21.36,7.209
2014-02-16,9.04,-15.658
2014-02-17,54.208,8.8088
2014-02-18,37.784,-13.846799999999998
2014-02-20,95.59,35.5612
2014-02-21,8.85,-13.7175
2014-02-22,19.44,9.3312
2014-02-23,11.364,-4.522500000000001
2014-02-24,55.672,18.789299999999997
2014-02-27,19.456,3.4048
2014-03-01,2203.151,-208.96140000000003
2014-03-02,202.384,56.0112
2014-03-03,1345.8919999999998,-629.7988999999999
2014-03-04,370.452,20.0778
2014-03-05,705.562,261.19010000000003
2014-03-07,1561.062,134.1539
2014-03-10,741.956,4.188600000000001
2014-03-11,918.314,279.06100000000004
2014-03-14,2108.55,528.5024
2014-03-15,370.78200000000004,33.598
2014-03-16,471.92,29.495
2014-03-17,3960.358,-831.8572
2014-03-18,28106.716,-954.7089000000001
2014-03-19,590.762,68.6353
2014-03-21,4109.816,1055.3735
2014-03-22,464.09299999999996,-50.9345
2014-03-23,945.064,126.9224
2014-03-24,65.38,26.2758
2014-03-25,459.146,96.6684
2014-03-26,145.13,30.7658
2014-03-28,1823.8039999999999,-11.075400000000002
2014-03-29,890.841,-152.7156
2014-03-30,1170.3220000000001,232.7529
2014-03-31,1959.552,355.1097
2014-04-01,119.88799999999999,26.0896
2014-04-02,1458.558,407.39619999999996
2014-04-03,233.45,85.6044
2014-04-04,475.844,105.4521
2014-04-05,5295.098000000001,253.9044
2014-04-06,1650.69,299.5152
2014-04-07,1021.1700000000001,305.05600000000004
2014-04-08,1958.75,359.8481
2014-04-11,1915.24,523.2729
2014-04-12,1912.123,152.6581
2014-04-13,638.576,-384.7942
2014-04-15,294.71999999999997,108.0
2014-04-16,39.072,9.768
2014-04-18,1020.532,169.9374
2014-04-19,205.47,87.5664
2014-04-20,1250.45,-194.4528
2014-04-21,845.36,5.5755
2014-04-22,257.752,124.78689999999999
2014-04-23,643.98,-0.305299999999999
2014-04-25,2379.9939999999997,332.8671
2014-04-26,282.568,40.745
2014-04-28,2578.476,292.1672
2014-04-29,768.8439999999999,101.6814
2014-04-30,1048.74,276.49559999999997
2014-05-02,506.12,91.9572
2014-05-03,72.632,28.8624
2014-05-04,187.43200000000002,58.5624
2014-05-05,260.977,34.5131
2014-05-06,254.456,85.7158
2014-05-07,1091.35,215.8138
2014-05-08,1799.97,239.996
2014-05-09,394.48,95.1736
2014-05-10,2343.799,57.82600000000002
2014-05-11,1642.802,-289.6088
2014-05-12,734.846,-119.22550000000001
2014-05-13,898.382,-242.28369999999995
2014-05-14,310.88,23.316
2014-05-16,289.28,20.85
2014-05-17,91.68,45.84
2014-05-18,948.9480000000001,-158.00400000000002
2014-05-19,91.62,35.6472
2014-05-20,320.10400000000004,62.058099999999996
2014-05-21,4264.3279999999995,1719.5087
2014-05-22,180.93,46.580999999999996
2014-05-23,323.75800000000004,58.050200000000004
2014-05-24,116.28,56.9772
2014-05-25,119.53999999999999,-183.78379999999999
2014-05-26,1325.718,130.5086
2014-05-27,2157.394,111.54079999999999
2014-05-28,221.96800000000002,59.3088
2014-05-30,1924.913,222.0358
2014-05-31,773.7,230.9727
2014-06-01,5188.5199999999995,1576.7509
2014-06-02,738.598,218.36079999999998
2014-06-03,741.336,96.10860000000001
2014-06-04,456.272,-6.493199999999999
2014-06-06,1374.0010000000002,-265.2367
2014-06-07,281.397,-230.33159999999998
2014-06-08,2501.264,193.365
2014-06-09,5463.008,629.0289
2014-06-10,491.55,240.8595
2014-06-13,14.52,4.7916
2014-06-14,212.94,57.4938
2014-06-15,942.9739999999999,-78.24100000000001
2014-06-16,763.792,76.6876
2014-06-17,3418.5020000000004,1126.6297000000002
2014-06-18,139.8,12.2325
2014-06-20,1828.9496,-62.9594
2014-06-21,4107.443,849.4221
2014-06-22,1975.498,40.2147
2014-06-23,109.49600000000001,3.1803000000000003
2014-06-24,4.272,0.9612
2014-06-25,792.76,49.7172
2014-06-27,616.14,76.1052
2014-06-28,1645.791,109.76200000000001
2014-06-29,46.68,8.557500000000001
2014-06-30,739.624,249.5572
2014-07-01,601.0239999999999,75.33319999999999
2014-07-02,79.56,22.1508
2014-07-04,247.40800000000002,83.9448
2014-07-05,1444.104,182.7936
2014-07-06,1038.472,222.84550000000002
2014-07-07,241.19400000000002,-34.6598
2014-07-08,763.0740000000001,-8.441999999999993
2014-07-09,265.521,57.2078
2014-07-11,2187.206,537.7298000000001
2014-07-12,1960.012,88.45439999999999
2014-07-13,351.216,4.3902
2014-07-14,292.594,-31.101399999999998
2014-07-15,9.51,3.9882
2014-07-18,273.04,-21.3948
2014-07-19,461.326,103.20620000000001
2014-07-20,2285.786,162.1881
2014-07-21,1961.482,34.126000000000005
2014-07-22,1348.344,229.8348
2014-07-23,2613.1839999999997,267.4844
2014-07-25,8341.289999999999,384.5084
2014-07-26,5039.994,-3570.971
2014-07-27,580.06,70.31219999999999
2014-07-28,193.152,34.6984
2014-07-30,1367.84,259.8896
2014-08-01,228.328,66.475
2014-08-02,886.28,248.02759999999998
2014-08-03,477.994,-76.7149
2014-08-04,2743.154,833.4829
2014-08-05,2408.7239999999997,504.1059
2014-08-06,262.89,106.6392
2014-08-08,3955.629,1129.1342
2014-08-09,3605.6850000000004,700.8938
2014-08-11,451.62,45.644400000000005
2014-08-12,1832.38,357.593
2014-08-15,842.7819999999999,118.18260000000001
2014-08-16,853.092,-227.4912
2014-08-17,500.342,193.18359999999998
2014-08-19,1439.106,175.4619
2014-08-20,1838.722,569.8905
2014-08-22,23.104,4.878699999999999
2014-08-23,565.224,160.4016
2014-08-24,59.74,20.1332
2014-08-25,1451.6499999999999,118.84229999999998
2014-08-26,366.81,92.0889
2014-08-27,2070.13,513.7323
2014-08-29,832.3225,-376.4695
2014-08-30,121.24,21.485
2014-08-31,92.52,18.504
2014-09-01,469.436,85.9402
2014-09-02,3254.15,916.2512
2014-09-03,22.08,-4.4639999999999995
2014-09-05,296.304,21.823
2014-09-06,100.36,39.6308
2014-09-07,3523.875,-481.2463
2014-09-08,14228.428,-1452.6877
2014-09-09,4043.5879999999997,16.361600000000088
2014-09-10,1855.2279999999998,259.62080000000003
2014-09-11,127.95,21.7515
2014-09-12,4904.66,600.8836
2014-09-13,1275.408,243.8237
2014-09-14,5023.716,1530.7599
2014-09-15,133.436,30.1722
2014-09-16,33.552,12.582
2014-09-17,820.523,233.52870000000001
2014-09-19,9338.637,-1539.1441
2014-09-20,5335.968000000001,670.1014
2014-09-21,2679.652,877.4457
2014-09-22,1240.266,87.47569999999999
2014-09-23,10662.337000000001,4808.5975
2014-09-24,211.96,8.4784
2014-09-25,354.88880000000006,-87.5594
2014-09-26,1480.614,230.72660000000002
2014-09-27,773.4399999999999,123.10640000000001
2014-09-28,490.29200000000003,64.3686
2014-09-29,8109.07,890.2809
2014-09-30,987.532,119.4905
2014-10-01,4.71,0.0
2014-10-02,598.144,133.7632
2014-10-03,862.683,-65.4279
2014-10-04,728.7479999999999,45.0709
2014-10-05,191.9,46.483000000000004
2014-10-06,494.71,50.039500000000004
2014-10-07,237.35999999999999,31.855999999999998
2014-10-08,147.392,60.7518
2014-10-09,249.35999999999999,70.0043
2014-10-10,2049.386,169.95260000000002
2014-10-11,1381.164,110.6138
2014-10-12,58.53,12.877099999999999
2014-10-13,2212.182,454.1033
2014-10-14,4525.484,1059.3591999999999
2014-10-15,206.72400000000002,-0.9321000000000002
2014-10-16,194.322,91.4088
2014-10-17,136.068,-36.838
2014-10-18,3134.916,606.1102
2014-10-19,641.104,124.5477
2014-10-20,1501.104,-65.9838
2014-10-21,1356.602,26.062300000000015
2014-10-22,223.808,23.303199999999997
2014-10-24,56.49,18.5592
2014-10-25,103.882,9.4491
2014-10-26,447.88,41.592
2014-10-27,22.32,7.6626
2014-10-28,1510.5819999999999,93.4282
2014-10-29,2813.8120000000004,378.5486
2014-10-31,5362.026,-48.10749999999993
2014-11-01,4732.08,663.3641
2014-11-02,2126.37,286.5754
2014-11-03,2784.163,-108.22129999999999
2014-11-04,6693.7480000000005,2443.392
2014-11-05,1694.564,-61.611599999999996
2014-11-06,43.68,20.9664
2014-11-07,1449.142,155.4863
2014-11-08,333.576,25.0182
2014-11-09,1574.094,222.6886
2014-11-10,2002.556,436.6331
2014-11-11,8114.548,-449.5310999999999
2014-11-12,1054.7612,79.634
2014-11-14,1034.73,308.90680000000003
2014-11-15,1780.822,400.0781
2014-11-16,1355.9285,137.5582
2014-11-17,11544.274,1954.1346
2014-11-18,3406.855,-347.5227
2014-11-19,7226.086,1979.1982
2014-11-20,907.5600000000001,251.172
2014-11-21,1249.622,378.16990000000004
2014-11-22,1103.298,461.8921
2014-11-23,1363.28,-105.23839999999998
2014-11-24,5578.606,-97.35739999999998
2014-11-25,4415.695,148.62720000000002
2014-11-26,1705.99,-62.161199999999994
2014-11-27,203.66,41.296
2014-11-28,2280.83,12.473200000000002
2014-11-29,649.044,104.6772
2014-11-30,219.154,11.829
2014-12-01,5624.39,875.1448
2014-12-02,1771.808,111.3749
2014-12-03,505.88,146.8304
2014-12-04,129.98,62.3904
2014-12-05,2963.642,425.0408
2014-12-06,1970.978,-19.019000000000013
2014-12-07,548.4,201.78320000000002
2014-12-08,1095.12,125.9273
2014-12-09,1522.652,125.75130000000001
2014-12-10,573.336,101.14259999999999
2014-12-12,4938.4045,-72.10079999999999
2014-12-13,293.152,8.731399999999997
2014-12-14,7641.658,2220.5215
2014-12-15,1264.466,-144.732
2014-12-16,4394.187,415.6424
2014-12-17,45.534,7.1924
2014-12-19,3436.7599999999998,356.95689999999996
2014-12-20,6962.4400000000005,1557.0102
2014-12-21,1933.44,178.26479999999998
2014-12-22,798.968,183.12109999999998
2014-12-23,942.108,67.3794
2014-12-24,1950.202,264.308
2014-12-26,2041.414,-3.5973999999999933
2014-12-27,2966.388,-336.32509999999996
2014-12-28,3732.2960000000003,706.8574
2014-12-29,2072.096,568.0095
2014-12-30,2172.6510000000003,-594.5496
2014-12-31,5253.2699999999995,1444.5131
2015-01-02,1932.096,-1161.5484
2015-01-03,1768.2215999999999,-348.45779999999996
2015-01-04,264.46000000000004,104.67240000000001
2015-01-05,295.272,62.5086
2015-01-06,31.538,7.8934
2015-01-09,364.07,131.0797
2015-01-10,1018.104,-373.3048
2015-01-12,854.614,62.80479999999999
2015-01-13,622.278,160.3086
2015-01-17,350.384,-300.0494
2015-01-19,301.742,-21.712200000000003
2015-01-23,43.66,20.8106
2015-01-24,13.12,2.132
2015-01-26,182.72,84.0512
2015-01-27,3573.252,-191.64319999999998
2015-01-28,4297.644,-1862.3124
2015-01-30,2161.6400000000003,302.8533
2015-01-31,99.26,38.9066
2015-02-03,492.836,157.4118
2015-02-06,2432.544,242.1172
2015-02-07,324.10999999999996,152.5909
2015-02-08,129.09199999999998,-19.1734
2015-02-09,785.5519999999999,102.3764
2015-02-10,77.24,7.724
2015-02-14,1079.962,104.53889999999998
2015-02-15,1602.38,477.3456
2015-02-16,160.43,74.6845
2015-02-18,105.844,31.6342
2015-02-20,316.78000000000003,77.56439999999999
2015-02-21,2591.1,1294.0764
2015-02-22,79.36,20.6336
2015-02-23,37.775999999999996,10.5336
2015-02-25,25.869999999999997,11.736
2015-02-27,1159.2710000000002,52.49029999999999
2015-02-28,551.264,15.566400000000002
2015-03-01,1642.1743999999999,12.718199999999989
2015-03-02,899.5699999999999,218.9629
2015-03-05,1969.267,-417.895
2015-03-06,1555.244,473.7518
2015-03-07,807.54,271.4153
2015-03-08,2563.2960000000003,592.3805
2015-03-09,478.008,53.9619
2015-03-10,90.93199999999999,23.2592
2015-03-12,51.016000000000005,9.998
2015-03-13,1384.856,234.4744
2015-03-14,707.9000000000001,332.7422
2015-03-15,16.776,1.6776
2015-03-16,7230.209999999999,3508.0308999999997
2015-03-17,48.84,11.834999999999999
2015-03-19,5652.9396,1982.1858000000002
2015-03-20,1548.194,485.71540000000005
2015-03-21,1270.3790000000001,242.5149
2015-03-22,2481.424,270.79810000000003
2015-03-23,633.302,181.08280000000002
2015-03-24,412.95,-22.2494
2015-03-26,4623.37,937.2579999999999
2015-03-27,83.7,3.348
2015-03-28,243.344,59.3424
2015-03-29,1559.0800000000002,296.8998
2015-03-30,571.224,-87.9252
2015-03-31,200.716,55.8143
2015-04-02,299.22,-35.82450000000001
2015-04-04,1484.598,384.4765
2015-04-05,2974.058,-243.8141
2015-04-06,140.004,-0.17039999999999722
2015-04-07,907.436,-1113.9491
2015-04-09,757.992,133.5327
2015-04-10,169.54199999999997,48.696299999999994
2015-04-11,1328.346,423.987
2015-04-12,40.74,0.4074
2015-04-13,3192.6780000000003,-38.72819999999999
2015-04-14,35.208,2.6406
2015-04-16,4161.972,815.8418
2015-04-17,2745.106,686.5088999999999
2015-04-18,2006.96,214.8503
2015-04-19,329.96,-564.9804
2015-04-20,1194.726,507.1407
2015-04-21,893.0899999999999,228.89280000000002
2015-04-22,152.916,24.444300000000002
2015-04-24,25.99,7.5371
2015-04-25,920.946,118.58120000000001
2015-04-26,2090.1055,-134.89960000000002
2015-04-27,2719.59,978.3104999999999
2015-04-28,4044.3619999999996,1911.4570999999999
2015-04-29,7.968,2.8884
2015-04-30,1571.695,-170.3311
2015-05-01,450.94,66.2234
2015-05-02,167.232,16.8468
2015-05-03,2198.76,255.4643
2015-05-04,1121.362,157.50220000000002
2015-05-07,305.622,-4.981000000000002
2015-05-08,3981.968,1241.9831
2015-05-09,48.81,23.9169
2015-05-10,154.442,-190.8586
2015-05-11,191.968,16.7972
2015-05-12,1060.35,147.6039
2015-05-13,238.384,22.278799999999997
2015-05-14,3141.1994999999997,320.8918
2015-05-15,69.908,-1.6029999999999998
2015-05-16,255.968,31.996
2015-05-17,134.46800000000002,-13.745200000000004
2015-05-18,10.86,5.3214
2015-05-20,169.54399999999998,15.479199999999999
2015-05-21,72.332,-62.22239999999999
2015-05-22,3862.0980000000004,425.8189
2015-05-23,1304.956,367.8272
2015-05-24,610.3069999999999,-176.59189999999998
2015-05-25,1739.4180000000001,265.8343
2015-05-26,982.5640000000001,9.36
2015-05-28,794.146,244.0794
2015-05-29,1204.842,166.11509999999998
2015-05-30,681.1,87.6252
2015-05-31,5178.138,1228.906
2015-06-01,834.1980000000001,300.47860000000003
2015-06-04,1192.31,464.8084
2015-06-05,1533.1979999999999,173.934
2015-06-07,59.768,0.49799999999999867
2015-06-08,1083.112,-296.34939999999995
2015-06-09,797.116,86.0064
2015-06-11,3373.5640000000003,-60.60040000000001
2015-06-12,174.476,27.745800000000003
2015-06-13,1128.898,395.69410000000005
2015-06-14,51.072,5.1072
2015-06-15,734.144,-20.1443
2015-06-16,3443.904,1173.3926
2015-06-18,1883.087,344.1388
2015-06-19,446.346,101.6172
2015-06-20,829.544,255.459
2015-06-21,107.976,37.7916
2015-06-22,2018.953,-66.72129999999999
2015-06-23,836.9580000000001,154.5192
2015-06-25,857.08,88.38629999999999
2015-06-26,1592.1960000000001,308.0027
2015-06-28,1386.466,-225.4028
2015-06-29,432.92600000000004,87.1955
2015-07-02,1631.902,-50.82449999999999
2015-07-03,823.982,179.01670000000001
2015-07-04,1138.288,297.9044
2015-07-05,121.646,8.635100000000001
2015-07-06,1379.812,275.76300000000003
2015-07-08,21.12,6.6
2015-07-09,1587.114,416.8136
2015-07-10,43.286,10.73
2015-07-11,1941.952,268.62969999999996
2015-07-12,2052.567,140.7015
2015-07-13,2033.2559999999999,282.9552
2015-07-14,860.9159999999999,-200.0
2015-07-16,3029.386,203.53549999999998
2015-07-17,448.082,-2.536199999999999
2015-07-18,672.418,218.4631
2015-07-19,2.025,-1.35
2015-07-20,2693.168,109.84819999999999
2015-07-23,208.272,74.601
2015-07-24,525.95,174.0094
2015-07-25,2395.024,200.3711
2015-07-26,969.225,-71.34029999999998
2015-07-27,29.97,0.2997
2015-07-30,443.802,143.9366
2015-07-31,3712.162,601.8855
2015-08-01,1011.696,-172.5108
2015-08-02,1290.478,-37.160499999999985
2015-08-05,72.65,-19.77
2015-08-06,494.86920000000003,-81.3505
2015-08-07,968.206,245.8333
2015-08-08,840.102,300.0444
2015-08-09,4878.392000000001,1061.5805
2015-08-10,851.4739999999999,85.2067
2015-08-11,196.112,49.7245
2015-08-13,586.896,55.8385
2015-08-15,497.59000000000003,108.5013
2015-08-16,3378.9320000000002,1.612099999999998
2015-08-17,381.64,0.48239999999999483
2015-08-21,2827.52,-147.18779999999998
2015-08-22,66.632,23.8856
2015-08-23,1202.278,359.4773
2015-08-24,7194.775000000001,1469.2684
2015-08-25,178.52599999999998,7.6544000000000025
2015-08-27,639.9739999999999,156.9759
2015-08-28,6491.293,1420.1491999999998
2015-08-29,246.5,47.0866
2015-08-31,2601.797,420.4669
2015-09-01,2367.564,751.9428
2015-09-03,1874.898,182.8788
2015-09-04,1071.284,252.03900000000002
2015-09-05,934.1030000000001,-31.056399999999996
2015-09-06,1005.654,301.3426
2015-09-07,2922.667,-39.06219999999999
2015-09-08,89.64,20.834400000000002
2015-09-10,1415.726,283.659
2015-09-11,1962.13,467.95910000000003
2015-09-12,707.824,119.3676
2015-09-13,3445.772,705.9921
2015-09-14,3262.42,720.4735000000001
2015-09-15,2535.85,539.7909999999999
2015-09-16,31.12,14.6264
2015-09-17,11525.006,-1194.2832
2015-09-18,3924.32,778.9322
2015-09-19,500.38,194.7992
2015-09-20,1836.052,-905.3418
2015-09-21,6982.058,1297.1822
2015-09-22,1783.504,29.083499999999994
2015-09-24,4220.594,1176.435
2015-09-25,3033.757,858.6825
2015-09-26,3722.273,672.7522
2015-09-27,2382.958,722.861
2015-09-28,1058.364,287.2722
2015-10-01,1158.414,169.7002
2015-10-02,1269.266,290.7676
2015-10-03,275.218,-20.209200000000003
2015-10-04,505.58,63.985
2015-10-05,851.092,-21.2928
2015-10-08,222.12,-7.664499999999997
2015-10-09,2133.5350000000003,561.5941
2015-10-10,2248.194,-354.44759999999997
2015-10-11,1011.8955,-378.2781
2015-10-12,2390.758,312.5428
2015-10-13,371.65999999999997,101.18539999999999
2015-10-15,3219.554,-332.0803
2015-10-16,824.97,214.4922
2015-10-17,77.88,3.894
2015-10-18,378.494,-155.4814
2015-10-19,2135.09,633.5718
2015-10-20,720.086,155.3014
2015-10-22,15.128,-6.768800000000001
2015-10-23,2262.296,352.1441
2015-10-24,831.145,-140.5054
2015-10-25,1425.412,96.3891
2015-10-26,1395.333,-59.06619999999998
2015-10-28,104.51,36.8692
2015-10-29,244.24,119.3436
2015-10-30,2122.044,550.7929
2015-10-31,3211.009,630.5869
2015-11-01,3106.1059999999998,922.0565
2015-11-02,5528.551,759.3803000000001
2015-11-03,2800.846,371.9472
2015-11-05,834.874,113.243
2015-11-06,11.481,-1.0427999999999997
2015-11-07,3073.073,-957.6868000000001
2015-11-08,12196.997,4006.6367
2015-11-09,4620.2919999999995,1442.5109
2015-11-10,3536.904,929.965
2015-11-11,542.178,163.9204
2015-11-12,1127.992,23.462500000000006
2015-11-13,3591.0771999999997,205.9851
2015-11-14,2512.71,573.2891
2015-11-15,702.17,-37.52529999999999
2015-11-16,4072.334,884.1846
2015-11-17,3885.986,617.7707
2015-11-19,1040.784,283.25960000000003
2015-11-20,2861.15,-224.60039999999998
2015-11-21,3613.5748,-209.56779999999998
2015-11-22,614.499,-68.5681
2015-11-23,3450.1879999999996,960.7959999999999
2015-11-24,1218.7640000000001,388.796
2015-11-25,13.12,1.476
2015-11-26,1484.0819999999999,492.1915
2015-11-27,3109.7835,62.72519999999997
2015-11-28,1864.482,118.693
2015-11-29,2760.168,578.8302
2015-11-30,1798.3970000000002,72.6601
2015-12-01,7130.594,953.109
2015-12-03,1972.645,-105.91659999999997
2015-12-04,5185.814,-182.66040000000012
2015-12-05,897.322,217.53660000000002
2015-12-06,6061.502,931.106
2015-12-07,1338.298,382.4588
2015-12-08,2672.728,342.77450000000005
2015-12-09,34.02,16.6698
2015-12-10,3080.38,761.9428
2015-12-11,1590.894,-70.1326
2015-12-12,1448.854,390.1145
2015-12-13,1023.386,175.9253
2015-12-14,858.304,132.4591
2015-12-15,5494.796,-1524.4945
2015-12-16,4.98,2.3406
2015-12-17,1918.492,327.5589
2015-12-18,935.288,-84.30699999999999
2015-12-19,6120.656,1201.565
2015-12-20,1107.464,66.4668
2015-12-21,3257.7599999999998,679.7548
2015-12-22,473.313,6.6432
2015-12-23,194.32,56.3528
2015-12-24,7484.566000000001,1414.2555999999997
2015-12-25,4204.968,906.1599
2015-12-26,561.486,4.522199999999998
2015-12-27,5148.4472,82.69459999999998
2015-12-28,79.2,2.9105999999999996
2015-12-29,6.36,0.0636
2015-12-30,3251.34,490.6038
2015-12-31,1381.344,438.4882
2016-01-02,405.91999999999996,105.541
2016-01-03,2095.83,386.48600000000005
2016-01-04,1069.22,40.402
2016-01-05,255.904,46.4568
2016-01-07,83.576,8.1391
2016-01-08,1859.1580000000001,449.1403
2016-01-09,743.0459999999999,264.498
2016-01-10,174.75,55.365300000000005
2016-01-11,149.444,25.083399999999997
2016-01-14,405.344,64.046
2016-01-15,701.923,196.1224
2016-01-16,102.21799999999999,15.996500000000001
2016-01-17,1040.55,176.2682
2016-01-21,1167.056,70.25280000000001
2016-01-22,917.63,23.530900000000003
2016-01-23,1732.3,474.03679999999997
2016-01-24,31.36,15.68
2016-01-25,858.712,-65.8542
2016-01-28,39.68,10.3168
2016-01-30,3107.316,-284.2246
2016-01-31,1601.5539999999999,747.5398
2016-02-01,161.97,63.2162
2016-02-02,8996.784,2753.7110000000002
2016-02-03,866.4,225.264
2016-02-04,197.868,31.1968
2016-02-05,2994.476,721.2766
2016-02-06,132.224,-18.1808
2016-02-07,762.142,74.2225
2016-02-08,1369.476,126.8973
2016-02-09,121.83,50.73779999999999
2016-02-11,69.93,0.6993
2016-02-12,1366.04,182.99800000000002
2016-02-13,146.82,73.41
2016-02-14,837.921,30.374700000000004
2016-02-15,407.072,128.0602
2016-02-16,1135.638,-71.02680000000001
2016-02-19,392.65999999999997,68.4625
2016-02-20,16.496,5.5674
2016-02-21,1524.126,207.6645
2016-02-22,983.17,213.2609
2016-02-23,57.576,21.591
2016-02-25,46.72,17.52
2016-02-27,243.892,71.0836
2016-02-28,36.48,18.24
2016-02-29,111.104,8.3328
2016-03-01,6285.8060000000005,2267.4251
2016-03-03,7264.422,-383.7433
2016-03-04,315.45,130.24790000000002
2016-03-05,162.344,49.594300000000004
2016-03-06,811.303,-389.1555
2016-03-07,21.072,1.5804
2016-03-08,2190.81,216.5398
2016-03-09,635.6,212.0786
2016-03-10,7879.734,745.8323
2016-03-11,896.0219999999999,162.76579999999998
2016-03-12,1694.6419999999998,167.7573
2016-03-13,8866.882,-543.3346
2016-03-14,669.3679999999999,6.704199999999999
2016-03-15,2356.808,61.35689999999997
2016-03-17,2360.3340000000003,708.7041
2016-03-18,1061.682,-7.760999999999996
2016-03-19,138.68,-105.7262
2016-03-20,928.311,163.19510000000002
2016-03-21,645.7059999999999,-4.161
2016-03-22,226.46800000000002,34.0216
2016-03-24,745.774,-204.0048
2016-03-25,1346.97,262.4715
2016-03-26,682.246,20.501699999999996
2016-03-27,92.69999999999999,35.8254
2016-03-28,125.30000000000001,11.6594
2016-03-29,2659.339,-8.992899999999999
2016-03-30,11.34,5.5566
2016-03-31,640.762,-4.970700000000008
2016-04-01,2161.48,485.77099999999996
2016-04-02,1454.9,378.274
2016-04-03,441.198,66.833
2016-04-04,970.194,256.3547
2016-04-05,1046.3339999999998,-177.3102
2016-04-06,1294.75,336.635
2016-04-07,1970.574,546.7635
2016-04-08,2906.404,-1680.9997
2016-04-09,1115.197,156.4469
2016-04-10,950.594,158.16819999999998
2016-04-12,1542.53,59.4319
2016-04-13,6.12,2.8764
2016-04-14,1466.572,171.6586
2016-04-15,2201.8559999999998,63.0073
2016-04-16,9335.086000000001,2434.1032
2016-04-17,421.08500000000004,57.511399999999995
2016-04-18,2514.538,-61.6424
2016-04-19,1414.132,194.7754
2016-04-21,271.616,-174.74280000000002
2016-04-22,1765.4650000000001,-826.5596
2016-04-23,720.368,244.18
2016-04-24,1607.1,218.48399999999998
2016-04-25,108.42,-37.9432
2016-04-26,434.646,62.7822
2016-04-28,486.672,27.9565
2016-04-30,142.208,14.999600000000001
2016-05-01,517.866,-75.2426
2016-05-02,1098.136,58.1074
2016-05-03,1099.013,-309.4466
2016-05-05,2701.28,449.31120000000004
2016-05-06,236.96,49.6633
2016-05-07,4835.976,1322.131
2016-05-08,1340.2440000000001,154.6985
2016-05-09,1283.512,9.50859999999999
2016-05-10,763.0200000000001,-115.75080000000001
2016-05-11,5.98,2.691
2016-05-12,918.878,367.18829999999997
2016-05-14,455.93,40.857499999999995
2016-05-15,648.9119999999999,273.3048
2016-05-16,880.4599999999999,41.601
2016-05-17,346.922,16.380900000000004
2016-05-18,122.22,34.8606
2016-05-19,1582.008,325.799
2016-05-20,2471.913,328.29929999999996
2016-05-21,2718.2140000000004,271.2109
2016-05-22,1799.2,386.2747
2016-05-23,10560.978000000001,1262.1899999999998
2016-05-24,277.756,115.4542
2016-05-25,1311.97,167.6508
2016-05-26,1975.356,70.63059999999999
2016-05-27,5305.078,989.5656
2016-05-28,2137.324,305.5458
2016-05-29,1063.185,291.9959
2016-05-30,8090.578,1777.9959000000001
2016-05-31,438.85900000000004,49.669599999999996
2016-06-02,157.844,23.579600000000003
2016-06-03,71.088,-1.7772
2016-06-04,2316.5229999999997,-29.897700000000018
2016-06-05,659.82,121.3312
2016-06-06,6026.312,1049.4815
2016-06-07,51.562,22.9219
2016-06-09,1688.4720000000002,179.1381
2016-06-10,1412.3960000000002,-183.5896
2016-06-11,1623.416,237.9551
2016-06-12,2962.563,282.5019
2016-06-13,430.43800000000005,114.93530000000001
2016-06-14,3457.099,326.6274
2016-06-15,173.488,54.215
2016-06-16,147.27499999999998,24.491
2016-06-17,3000.92,277.3227
2016-06-18,541.938,115.9074
2016-06-19,17.12,8.0464
2016-06-20,1229.548,153.8827
2016-06-21,577.108,27.759200000000003
2016-06-23,2475.094,345.1115
2016-06-24,5310.952,720.6928
2016-06-25,893.266,-112.1216
2016-06-26,1919.6000000000001,428.856
2016-06-27,778.7059999999999,17.0654
2016-06-28,877.156,226.2909
2016-06-29,191.88,19.188
2016-06-30,1352.9499999999998,300.4632
2016-07-01,1724.376,545.6346
2016-07-02,772.786,37.1906
2016-07-03,847.6999999999999,242.94580000000002
2016-07-04,1651.301,293.19010000000003
2016-07-07,3882.2309999999998,1007.9792
2016-07-08,2616.512,243.60909999999998
2016-07-09,573.286,87.40960000000001
2016-07-10,895.895,-370.0612
2016-07-12,95.76,7.182
2016-07-14,2149.96,350.7695
2016-07-15,380.2,69.75399999999999
2016-07-16,910.17,-65.54599999999999
2016-07-17,2184.88,625.6817
2016-07-18,2891.858,99.531
2016-07-19,1536.454,500.51
2016-07-20,89.95,43.176
2016-07-21,991.095,205.74800000000002
2016-07-22,1368.048,276.6497
2016-07-23,654.587,-99.43889999999999
2016-07-24,326.964,52.2436
2016-07-25,5920.488,1109.2371
2016-07-28,2033.374,-1307.0702
2016-07-29,819.154,-12.0947
2016-07-30,1770.7759999999998,219.9664
2016-07-31,2174.1580000000004,268.6809
2016-08-01,1124.648,114.5336
2016-08-02,482.584,53.413799999999995
2016-08-03,248.82,61.742999999999995
2016-08-04,497.90999999999997,98.0654
2016-08-05,197.05,59.115
2016-08-06,320.38800000000003,67.5102
2016-08-07,179.97,86.3856
2016-08-08,1115.204,180.92660000000004
2016-08-09,661.3539999999999,67.22460000000001
2016-08-11,151.82,70.48519999999999
2016-08-12,3951.9605,14.874599999999973
2016-08-13,731.524,-82.30520000000001
2016-08-14,923.688,-8.073799999999999
2016-08-15,1680.2659999999998,175.2732
2016-08-16,204.54000000000002,32.7522
2016-08-17,15.712,5.6956
2016-08-18,496.114,132.1081
2016-08-19,448.792,154.1413
2016-08-20,14.78,3.9906
2016-08-21,4798.2919999999995,18.43179999999998
2016-08-22,405.35,46.673
2016-08-23,4187.348,230.88450000000003
2016-08-26,4874.298,748.6752
2016-08-27,767.9110000000001,196.3329
2016-08-28,322.0248,-89.6447
2016-08-29,632.188,-121.17699999999999
2016-08-30,1656.8700000000001,-258.3628
2016-08-31,23.968,2.3968
2016-09-01,5766.152,1896.7402
2016-09-02,6792.193,750.1167
2016-09-03,2365.596,-755.7506
2016-09-04,4532.0419999999995,1464.5007999999998
2016-09-05,5226.348,425.51540000000006
2016-09-06,1313.536,204.6418
2016-09-08,4493.9836000000005,-375.6300000000001
2016-09-09,84.992,12.161600000000004
2016-09-10,2094.324,250.43040000000002
2016-09-11,6501.586,1353.6502
2016-09-12,2043.792,452.80740000000003
2016-09-13,2374.73,696.2947
2016-09-14,1137.338,396.3846
2016-09-15,2101.1820000000002,601.9099000000001
2016-09-16,425.88599999999997,28.4618
2016-09-17,2043.126,492.82030000000003
2016-09-18,4751.082,359.346
2016-09-19,3839.312,936.4
2016-09-20,1232.004,377.3806
2016-09-22,615.57,156.2421
2016-09-23,1322.145,92.7765
2016-09-24,2286.05,-556.9555
2016-09-25,3443.091,335.5552
2016-09-26,2698.1665,-415.53189999999995
2016-09-27,1992.9858,-88.5602
2016-09-28,99.136,30.98
2016-09-29,1307.792,235.4062
2016-09-30,525.884,-29.436600000000002
2016-10-01,781.414,-42.7895
2016-10-02,18452.972,8738.797100000002
2016-10-03,1680.696,224.53379999999999
2016-10-04,5912.782,2658.3198
2016-10-06,830.4000000000001,-947.1071000000001
2016-10-07,973.712,79.408
2016-10-08,561.5360000000001,-51.990399999999994
2016-10-09,546.92,-34.4084
2016-10-10,282.75300000000004,-219.8989
2016-10-11,33.064,4.133
2016-10-13,1650.618,-397.06269999999995
2016-10-14,3335.888,981.537
2016-10-15,1620.15,598.9409999999999
2016-10-16,142.182,-37.9152
2016-10-17,2953.346,1160.731
2016-10-18,307.92,-34.641
2016-10-20,946.174,127.6613
2016-10-21,7951.592,1763.4706
2016-10-22,188.28,57.2658
2016-10-23,467.42199999999997,192.20020000000002
2016-10-24,1365.498,314.03589999999997
2016-10-25,783.96,78.396
2016-10-27,978.7900000000001,237.815
2016-10-28,2899.0209999999997,255.01780000000002
2016-10-29,131.154,39.4184
2016-10-30,159.002,46.9478
2016-10-31,3750.4990000000003,450.3262
2016-11-01,453.374,149.3042
2016-11-03,3802.7960000000003,696.3602000000001
2016-11-04,3888.8179999999998,-57.334900000000005
2016-11-05,4266.8988,62.055100000000024
2016-11-06,773.2560000000001,60.8782
2016-11-07,3810.464,635.1252
2016-11-08,993.9000000000001,261.49559999999997
2016-11-09,479.97,177.5889
2016-11-10,4723.478,1081.5284
2016-11-11,4944.296,496.0179
2016-11-12,4914.938,170.3252
2016-11-13,2945.138,789.1702
2016-11-14,2774.0620000000004,424.111
2016-11-15,2145.718,262.99010000000004
2016-11-16,36.72,16.156
2016-11-17,142.684,28.9717
2016-11-18,3958.9320000000002,781.102
2016-11-19,638.462,111.7505
2016-11-20,3070.333,508.7926
2016-11-21,1176.891,150.9536
2016-11-22,317.044,80.365
2016-11-23,100.61599999999999,18.6496
2016-11-24,6394.5380000000005,1246.1061
2016-11-25,7978.551,-6247.3969
2016-11-26,8329.743,1776.8757
2016-11-27,1651.239,209.4244
2016-11-28,3428.372,320.30299999999994
2016-11-29,300.592,-285.9254
2016-11-30,970.142,85.6643
2016-12-01,7365.455,1652.8648
2016-12-02,4684.616,992.4431999999999
2016-12-03,5269.816,1065.8562
2016-12-04,944.2860000000001,146.7888
2016-12-05,5267.004,1468.7368999999999
2016-12-06,3878.276,1017.2351
2016-12-08,4709.095,146.9703
2016-12-09,1855.483,340.0393
2016-12-10,3459.71,1020.2983
2016-12-11,6102.25,425.9722
2016-12-12,1981.115,482.0632
2016-12-13,1194.088,72.15540000000001
2016-12-14,828.654,315.5413
2016-12-15,2637.087,27.61860000000001
2016-12-16,628.5419999999999,8.4637
2016-12-17,12185.134,4653.9969
2016-12-18,7051.35,727.4944
2016-12-19,815.1120000000001,-251.3853
2016-12-20,134.54,38.5308
2016-12-22,1043.128,228.1434
2016-12-23,6965.857,1008.2604
2016-12-24,1938.26,323.5229
2016-12-25,10488.055,1393.3961
2016-12-26,1829.418,155.9416
2016-12-27,959.49,16.758599999999998
2016-12-29,1277.68,192.4955
2016-12-30,773.774,146.8632
2016-12-31,731.768,68.2435
2017-01-01,1481.8280000000002,-181.41089999999997
2017-01-02,2079.554,-207.0473
2017-01-03,2070.272,704.2800000000001
2017-01-06,33.74,15.5204
2017-01-07,3395.59,758.7192
2017-01-08,892.98,80.3682
2017-01-09,274.491,-228.7425
2017-01-12,848.52,-1101.516
2017-01-13,4619.33,206.6524
2017-01-14,1056.038,208.8079
2017-01-15,2140.28,297.206
2017-01-16,6230.2919999999995,2595.203
2017-01-19,2013.715,55.40429999999999
2017-01-20,767.838,156.03199999999998
2017-01-21,2546.643,619.2187
2017-01-22,4212.372,1461.3511
2017-01-23,450.334,60.55
2017-01-24,418.66599999999994,105.0682
2017-01-26,3055.2799999999997,803.9555
2017-01-27,331.914,1.6239000000000061
2017-01-28,1007.52,333.8478
2017-01-29,294.842,86.9031
2017-01-30,3749.335,308.4441
2017-02-02,913.354,170.677
2017-02-03,922.327,215.57
2017-02-04,32.67,8.4942
2017-02-05,2263.012,74.882
2017-02-06,904.354,204.3158
2017-02-09,773.7639999999999,-411.9726
2017-02-10,227.103,28.1274
2017-02-11,1241.516,130.1018
2017-02-13,1058.43,424.3345
2017-02-16,1337.442,95.9756
2017-02-17,2964.8174,-383.5478
2017-02-18,287.326,62.4082
2017-02-19,1314.59,377.0515
2017-02-20,1150.29,-107.5121
2017-02-21,47.904,-2.994
2017-02-23,117.79999999999998,42.37
2017-02-24,1448.676,249.3929
2017-02-25,430.49199999999996,-19.379800000000003
2017-02-26,2847.6459999999997,447.3532
2017-02-28,17.62,8.2242
2017-03-02,1450.126,244.0397
2017-03-03,2000.1039999999998,528.1881
2017-03-04,228.822,-33.9224
2017-03-05,1240.02,480.4513
2017-03-06,778.236,235.12599999999998
2017-03-07,166.59,56.1114
2017-03-08,843.1,243.448
2017-03-09,710.804,139.6285
2017-03-10,1252.952,-165.0196
2017-03-11,1973.708,224.69840000000002
2017-03-12,353.28,60.474
2017-03-13,4791.35,827.2755999999999
2017-03-14,49.616,4.9616
2017-03-16,2014.381,182.3025
2017-03-17,542.746,129.7274
2017-03-18,1027.758,-250.1181
2017-03-19,2166.248,130.4093
2017-03-20,899.568,253.0645
2017-03-21,3332.636,912.2596
2017-03-23,14816.068,6818.627600000001
2017-03-24,1257.298,340.2724
2017-03-25,3567.026,730.5126
2017-03-26,3252.88,426.56969999999995
2017-03-27,2933.516,128.5232
2017-03-28,1504.702,58.8642
2017-03-29,81.4,21.164
2017-03-30,656.407,222.0362
2017-03-31,4981.010799999999,1802.2158000000002
2017-04-01,5972.988,542.9408000000001
2017-04-02,822.97,215.8982
2017-04-03,32.528,9.8466
2017-04-04,808.47,110.1777
2017-04-06,114.41999999999999,44.0304
2017-04-07,1971.2905,-341.1727
2017-04-08,6401.93,2276.8183
2017-04-09,1626.71,411.2821
2017-04-10,755.529,171.7842
2017-04-11,319.806,18.417
2017-04-12,69.66,31.347
2017-04-13,1345.8239999999998,268.2204
2017-04-14,652.93,33.600500000000004
2017-04-15,332.338,109.8951
2017-04-16,944.429,-45.439
2017-04-17,3431.4590000000003,-3403.495
2017-04-20,2033.24,22.754300000000008
2017-04-21,1254.564,27.60410000000001
2017-04-22,947.692,93.973
2017-04-23,1199.222,199.3172
2017-04-24,928.558,-12.036100000000001
2017-04-25,678.113,104.5849
2017-04-26,61.608000000000004,27.162300000000002
2017-04-27,576.5756,60.020599999999995
2017-04-28,795.296,91.36720000000001
2017-04-29,1053.26,-67.4841
2017-04-30,1390.1260000000002,-68.12500000000001
2017-05-01,4108.37,-453.8578
2017-05-02,399.11,110.3944
2017-05-03,1386.346,-80.1002
2017-05-04,1389.4050000000002,292.3293
2017-05-05,185.123,-122.56250000000001
2017-05-06,3183.3698,84.1948
2017-05-07,2549.468,649.4175
2017-05-08,3658.5540000000005,1061.3636
2017-05-09,1078.222,273.9624
2017-05-11,449.469,-319.4249
2017-05-12,970.384,36.531
2017-05-13,3066.378,809.8532
2017-05-14,4182.062,1077.8878
2017-05-15,421.264,73.9747
2017-05-16,221.024,-55.256
2017-05-18,1830.508,407.8936
2017-05-19,4919.182,1171.7753
2017-05-20,2997.578,273.2104
2017-05-21,538.02,78.0183
2017-05-22,336.56199999999995,-6.969499999999996
2017-05-23,241.436,-66.0777
2017-05-25,886.026,230.33169999999998
2017-05-26,270.24,76.4496
2017-05-27,2084.908,384.4578
2017-05-28,1480.103,169.19639999999998
2017-05-29,691.108,110.42989999999999
2017-05-30,736.8904,75.1597
2017-06-01,5058.362,1295.5061
2017-06-02,135.70600000000002,38.5265
2017-06-03,2952.036,384.1454
2017-06-04,279.414,66.7452
2017-06-05,491.11199999999997,60.174899999999994
2017-06-06,31.349999999999998,2.178
2017-06-08,2227.038,134.16189999999997
2017-06-09,939.1329999999999,2.227300000000003
2017-06-10,2513.3430000000003,186.49229999999997
2017-06-11,1580.894,274.94120000000004
2017-06-12,1679.968,314.9144
2017-06-13,1156.018,-95.0222
2017-06-15,4057.51,404.42179999999996
2017-06-16,2724.194,521.365
2017-06-17,3896.672,1696.4659
2017-06-18,1031.1555,117.87989999999999
2017-06-19,2115.941,-22.034600000000005
2017-06-20,1028.228,263.752
2017-06-21,595.656,230.95919999999998
2017-06-22,579.019,123.27860000000001
2017-06-24,1287.614,-28.52340000000003
2017-06-25,1508.3519999999999,185.0875
2017-06-26,4224.136,705.2894
2017-06-27,1644.906,335.53589999999997
2017-06-29,4521.9912,889.2002
2017-06-30,4721.977,135.66729999999998
2017-07-01,639.83,103.9546
2017-07-02,169.192,51.3259
2017-07-03,6963.4039999999995,1488.1451
2017-07-05,476.35400000000004,-337.4099
2017-07-06,380.37800000000004,13.745399999999998
2017-07-07,1620.25,37.402899999999995
2017-07-08,1980.2640000000001,817.1376
2017-07-09,1671.214,164.11139999999997
2017-07-10,359.21399999999994,44.925
2017-07-11,1728.892,336.1681
2017-07-12,3.816,1.1925
2017-07-13,504.542,112.0167
2017-07-14,3598.9339999999997,-46.043899999999994
2017-07-15,2132.229,285.20520000000005
2017-07-16,316.636,15.0374
2017-07-17,2191.873,477.3142
2017-07-18,2106.794,-425.63980000000004
2017-07-20,2283.208,727.2774
2017-07-21,3685.944,144.2286
2017-07-22,556.3140000000001,-61.10609999999999
2017-07-23,898.188,258.41179999999997
2017-07-24,2399.96,839.986
2017-07-25,798.742,-39.7968
2017-07-26,2012.3020000000001,705.274
2017-07-27,1142.68,211.57549999999998
2017-07-28,1170.5639999999999,108.05359999999999
2017-07-29,1391.294,367.4606
2017-07-30,523.376,87.9368
2017-07-31,1558.028,464.7314
2017-08-01,2085.65,-159.40619999999998
2017-08-03,531.348,40.300900000000006
2017-08-04,20.07,0.4320000000000004
2017-08-05,503.676,170.42340000000002
2017-08-06,1424.026,419.7762
2017-08-07,3479.624,705.8854
2017-08-10,1823.0700000000002,521.9644
2017-08-11,708.726,235.90439999999998
2017-08-12,3693.084,888.6845
2017-08-13,2643.164,-1071.7151999999999
2017-08-14,440.736,12.3879
2017-08-15,1949.872,-289.18359999999996
2017-08-16,80.564,-12.0292
2017-08-17,9517.287999999999,605.8985000000001
2017-08-18,7078.4839999999995,1971.9705999999999
2017-08-19,512.446,225.0193
2017-08-20,692.95,183.6178
2017-08-21,8551.054,2245.6488
2017-08-22,524.54,-81.2501
2017-08-23,4590.344,358.546
2017-08-24,685.0560000000002,77.40599999999999
2017-08-25,361.988,-17.110799999999998
2017-08-26,190.66,-14.764999999999999
2017-08-27,6190.538,1008.8821
2017-08-28,1443.6319999999998,345.3009
2017-08-29,235.46800000000002,57.1282
2017-08-31,3162.83,611.2385
2017-09-01,1261.81,340.5586
2017-09-02,9354.854,2600.1853
2017-09-03,1595.849,199.48180000000002
2017-09-04,5360.202,224.42510000000001
2017-09-05,327.044,-17.1944
2017-09-07,3848.565,1248.2397
2017-09-08,2184.327,-510.96709999999996
2017-09-09,4356.061,-152.87539999999998
2017-09-10,2506.646,-977.3219
2017-09-11,5564.006,1032.8847
2017-09-12,491.54999999999995,219.391
2017-09-13,15.92,2.786
2017-09-14,4367.347,474.34169999999995
2017-09-15,7285.026,1934.9693
2017-09-16,849.65,-335.6626
2017-09-17,4979.226,769.2717
2017-09-18,1511.93,501.5421
2017-09-19,1648.188,53.989900000000006
2017-09-20,7359.918,1571.7964
2017-09-21,338.172,97.20689999999999
2017-09-22,7871.213,-145.57789999999994
2017-09-23,2395.786,115.1856
2017-09-24,6450.4619999999995,1000.4615
2017-09-25,1412.213,228.9978
2017-09-26,1486.576,314.9023
2017-09-28,559.271,-46.377900000000004
2017-09-29,1944.08,39.560700000000026
2017-09-30,540.76,207.35469999999998
2017-10-01,2978.466,1013.0730000000001
2017-10-02,5418.022,-1095.5167000000001
2017-10-03,2504.48,943.3932
2017-10-04,19.98,8.5914
2017-10-05,6684.616,1475.2477000000001
2017-10-06,1499.652,348.323
2017-10-07,2749.21,218.4405
2017-10-08,608.356,148.0335
2017-10-09,1496.589,-467.1381
2017-10-10,239.358,-47.8716
2017-10-12,5635.354,526.1517
2017-10-13,8405.802,2553.2419
2017-10-14,134.332,-28.5702
2017-10-15,1017.94,230.1392
2017-10-16,3473.5969999999998,-1100.3811
2017-10-17,126.352,23.0989
2017-10-19,2781.8702000000003,-1430.7904
2017-10-20,1333.858,135.7559
2017-10-21,4537.201,444.7591
2017-10-22,15158.877,4539.8266
2017-10-23,3352.3940000000002,82.32130000000001
2017-10-24,529.0849999999999,-76.0505
2017-10-26,999.868,107.72749999999999
2017-10-27,1086.32,103.8625
2017-10-28,408.726,36.1057
2017-10-29,46.96,22.5408
2017-10-30,4025.7299999999996,518.9913
2017-10-31,523.928,41.96940000000001
2017-11-01,2921.43,358.8969
2017-11-02,6294.386,929.1536
2017-11-03,4536.937,675.2008000000001
2017-11-04,10668.096,-3987.2422
2017-11-05,2355.064,525.4202
2017-11-06,4288.75,562.9598
2017-11-07,2413.378,119.64159999999995
2017-11-08,384.1,145.392
2017-11-09,4751.492,1219.0435
2017-11-10,4007.5480000000002,-111.13019999999997
2017-11-11,1815.2179999999998,283.24760000000003
2017-11-12,2911.386,-37.834999999999994
2017-11-13,6633.4202000000005,-398.42480000000006
2017-11-14,834.6579999999999,31.053600000000003
2017-11-15,559.2,55.016
2017-11-16,4755.234,539.0093
2017-11-17,13694.8828,5895.3981
2017-11-18,1469.756,253.8081
2017-11-19,7397.272,-1659.0309000000002
2017-11-20,2988.274,555.2368
2017-11-21,2236.1839999999997,301.3298
2017-11-22,35.712,2.232
2017-11-23,1153.109,213.4873
2017-11-24,4959.641,935.9258
2017-11-25,3666.157,-58.567800000000005
2017-11-26,5048.1720000000005,1251.3573999999999
2017-11-27,1618.254,643.252
2017-11-28,6912.944,328.9202
2017-11-29,491.888,67.831
2017-11-30,6645.282,49.52120000000001
2017-12-01,5331.178,718.892
2017-12-02,9951.182,-7.340999999999886
2017-12-03,1403.842,280.7407
2017-12-04,2639.638,-21.988099999999974
2017-12-05,1453.136,447.6235
2017-12-06,10.68,2.8836
2017-12-07,2916.514,-2686.6673
2017-12-08,7643.041,1154.6045
2017-12-09,5470.39,1487.1417999999999
2017-12-10,3873.5589999999997,715.5696
2017-12-11,2823.965,-82.40890000000005
2017-12-13,580.936,99.2154
2017-12-14,3897.714,215.25000000000006
2017-12-15,306.88800000000003,52.5946
2017-12-16,858.702,171.2212
2017-12-17,2027.758,303.0905
2017-12-18,3645.911,840.8157
2017-12-19,1895.926,-152.4596
2017-12-20,377.736,176.91150000000002
2017-12-21,2140.94,570.7615
2017-12-22,7442.021,957.1227000000001
2017-12-23,1926.776,284.0978
2017-12-24,6233.054,1568.2397
2017-12-25,2698.927,359.20029999999997
2017-12-26,814.5939999999999,61.1202
2017-12-27,177.636,-31.974200000000003
2017-12-28,1657.3508000000002,253.1188
2017-12-29,2915.534,644.4338
2017-12-30,713.7900000000001,101.5365
